Model;Layer;Seed;Epochs;Lipschitz;Lip capacity;Test accuracy;Adv 1;Adv2;Adv3;;;;;;
Vanilla2C2F;Vanilla2C2F;1;10;1;105.1061498;0.99059999;0.691200018;0.317900002;0.289000005;;;;;;
All2C2F;Aol;1;10;1;0.229289326;0.793500006;0.627799988;0.469500005;0.441199988;;;;;;
All2C2F;Orthogon;1;10;1;0.967244763;0.941299975;0.827899992;0.640600026;0.591600001;;;;;;
All2C2F;Sandwich;1;10;1;0.912588414;0.971000016;0.901600003;0.759199977;0.717299998;;;;;;
Lip2C2F;LipC2F;1;10;1;0.950890031;0.967299998;0.88499999;0.720000029;0.671000004;;;;;;
All2C2F;Aol;123;10;1;0.223865238;0.791800022;0.633400023;0.474400014;0.446099997;;;;;;
All2C2F;Orthogon;123;10;1;0.972164229;0.941200018;0.82889998;0.639100015;0.59009999;;;;;;
All2C2F;Sandwich;123;10;1;0.922273324;0.970300019;0.9005;0.761500001;0.718400002;;;;;;
Lip2C2F;LipC2F;123;10;1;0.953652002;0.968100011;0.886699975;0.720099986;0.67750001;;;;;;
All2C2F;Aol;296;10;1;0.231096294;0.789600015;0.620700002;0.467799991;0.437999994;;;;;;
All2C2F;Orthogon;296;10;1;0.971611074;0.943400025;0.834999979;0.650200009;0.600600004;;;;;;
All2C2F;Sandwich;296;10;1;0.937362025;0.969399989;0.896600008;0.750100017;0.707799971;;;;;;
Lip2C2F;LipC2F;296;10;1;0.960367142;0.966000021;0.876900017;0.708500028;0.664399981;;;;;;
All2C2F;Aol;1;10;2;0.468664336;0.818199992;0.642700016;0.477100015;0.447899997;;;;;;
All2C2F;Orthogon;1;10;2;1.76429131;0.9745;0.881200016;0.639400005;0.561600029;;;;;;
All2C2F;Sandwich;1;10;2;1.726215034;0.987900019;0.92809999;0.736999989;0.664900005;;;;;;
Lip2C2F;LipC2F;1;10;2;1.755477915;0.983099997;0.905099988;0.667299986;0.582499981;;;;;;
All2C2F;Aol;123;10;2;0.463453072;0.817700028;0.643400013;0.479799986;0.452399999;;;;;;
All2C2F;Orthogon;123;10;2;1.745986696;0.975300014;0.882700026;0.642799973;0.565999985;;;;;;
All2C2F;Sandwich;123;10;2;1.727555279;0.986999989;0.927399993;0.734300017;0.672399998;;;;;;
Lip2C2F;LipC2F;123;10;2;1.755461685;0.984000027;0.896600008;0.632700026;0.548200011;;;;;;
All2C2F;Aol;296;10;2;0.477280998;0.819599986;0.638300002;0.469500005;0.439599991;;;;;;
All2C2F;Orthogon;296;10;2;1.776686662;0.974600017;0.885599971;0.661800027;0.584900022;;;;;;
All2C2F;Sandwich;296;10;2;1.707263294;0.987200022;0.927699983;0.736400008;0.666899979;;;;;;
Lip2C2F;LipC2F;296;10;2;1.771733007;0.98299998;0.902800024;0.648000002;0.56400001;;;;;;
All2C2F;Aol;1;10;4;0.885079368;0.879800022;0.708899975;0.500400007;0.452699989;;;;;;
All2C2F;Orthogon;1;10;4;2.960704462;0.986500025;0.895699978;0.563000023;0.459300011;;;;;;
All2C2F;Sandwich;1;10;4;2.979231311;0.992900014;0.925100029;0.639800012;0.552699983;;;;;;
Vanilla2C2F;Vanilla2C2F;1;10;4;105.1061498;0.99059999;0.691200018;0.317900002;0.289000005;;;;;;
Lip2C2F;LipC2F;1;10;4;3.135707212;0.988300025;0.871200025;0.440100014;0.341300011;;;;;;
All2C2F;Aol;123;10;4;0.861327295;0.877399981;0.704599977;0.506600022;0.461699992;;;;;;
All2C2F;Orthogon;123;10;4;2.875326055;0.986000001;0.888000011;0.543500006;0.441700011;;;;;;
All2C2F;Sandwich;123;10;4;2.897144615;0.992200017;0.925300002;0.652700007;0.571099997;;;;;;
Vanilla2C2F;Vanilla2C2F;123;10;4;103.1341757;0.990400016;0.632300019;0.318199992;0.294200003;;;;;;
Lip2C2F;LipC2F;123;10;4;3.191490667;0.989300013;0.865499973;0.388799995;0.297600001;;;;;;
All2C2F;Aol;296;10;4;0.928831428;0.879999995;0.690599978;0.474999994;0.428900003;;;;;;
All2C2F;Orthogon;296;10;4;3.038684812;0.986899972;0.888400018;0.546999991;0.455900013;;;;;;
All2C2F;Sandwich;296;10;4;2.9785771;0.993300021;0.926100016;0.649600029;0.566200018;;;;;;
Vanilla2C2F;Vanilla2C2F;296;10;4;107.0839104;0.990999997;0.61680001;0.307599992;0.283300012;;;;;;
Lip2C2F;LipC2F;296;10;4;3.224849366;0.987100005;0.870199978;0.413500011;0.3222;;;;;;
AllLeNet5;Aol;1;30;1;0.231687974;0.795099974;0.614000022;0.456900001;0.430799991;;;;;;
AllLeNet5;Aol;1;30;2;0.443573467;0.837899983;0.665099978;0.499599993;0.471599996;;;;;;
AllLeNet5;Aol;1;30;5;1.105709845;0.910300016;0.750500023;0.514500022;0.457399994;;;;;;
AllLeNet5;Aol;1;30;10;2.002647436;0.953100026;0.799300015;0.467000008;0.375999987;;;;;;
AllLeNet5;Aol;1;30;20;3.217075394;0.971300006;0.812699974;0.391900003;0.322899997;;;;;;
AllLeNet5;Aol;1;30;50;5.156598998;0.980799973;0.795400023;0.335799992;0.269699991;;;;;;
AllLeNet5;Aol;1;30;100;6.805423806;0.984300017;0.769900024;0.323700011;0.262600005;;;;;;
VanillaLeNet5;VanillaLeNet5;1;30;1;197.7411404;0.992500007;0.839600027;0.653900027;0.630299985;;;;;;
AllLeNet5;Aol;1;30;1;0.231687974;0.795099974;0.614000022;0.456900001;0.430799991;;;;;;
AllLeNet5;Aol;1;30;2;0.443573467;0.837899983;0.665099978;0.499599993;0.471599996;;;;;;
AllLeNet5;Aol;1;30;5;1.105709845;0.910300016;0.750500023;0.514500022;0.457399994;;;;;;
AllLeNet5;Aol;1;30;10;2.002647436;0.953100026;0.799300015;0.467000008;0.375999987;;;;;;
AllLeNet5;Aol;1;30;20;3.217075394;0.971300006;0.812699974;0.391900003;0.322899997;;;;;;
AllLeNet5;Aol;1;30;50;5.156598998;0.980799973;0.795400023;0.335799992;0.269699991;;;;;;
AllLeNet5;Aol;1;30;100;6.805423806;0.984300017;0.769900024;0.323700011;0.262600005;;;;;;
LipLeNet5;LipLeNet5;1;30;1;0.848224397;0.943199992;0.831099987;0.642799973;0.596000016;;;;;;
LipLeNet5;LipLeNet5;1;30;2;1.598494182;0.966600001;0.857800007;0.590600014;0.486600012;;;;;;
LipLeNet5;LipLeNet5;1;30;5;3.424358286;0.983699977;0.849399984;0.376300007;0.309599996;;;;;;
LipLeNet5;LipLeNet5;1;30;10;5.813027635;0.984799981;0.764400005;0.260100007;0.210099995;;;;;;
LipLeNet5;LipLeNet5;1;30;20;9.958371682;0.975600004;0.468600005;0.0902;0.067699999;;;;;;
LipLeNet5;LipLeNet5;1;30;50;16.1624699;0.984200001;0.536300004;0.127100006;0.1043;;;;;;
LipLeNet5;LipLeNet5;1;30;100;24.15899761;0.971800029;0.257200003;0.033500001;0.0261;;;;;;
VanillaLeNet5;VanillaLeNet5;1;30;100;197.7411404;0.992500007;0.839600027;0.653900027;0.630299985;;;;;;
LipLeNet5;LipLeNet5;1;1;1;0.828279301;0.830200016;0.617200017;0.375099987;0.31400001;;;;;;
LipLeNet5;LipLeNet5;1;1;2;1.606661017;0.866299987;0.61589998;0.246900007;0.1796;;;;;;
LipLeNet5;LipLeNet5;1;1;5;3.337099538;0.898100019;0.558000028;0.142499998;0.105899997;;;;;;
LipLeNet5;LipLeNet5;1;1;10;4.892772849;0.907700002;0.494399995;0.123000003;0.094599999;;;;;;
LipLeNet5;LipLeNet5;1;1;20;5.202412874;0.909799993;0.50029999;0.129500002;0.104000002;;;;;;
LipLeNet5;LipLeNet5;1;1;50;6.792938145;0.922999978;0.541400015;0.139799997;0.112000003;;;;;;
LipLeNet5;LipLeNet5;1;1;100;8.072373606;0.927699983;0.526199996;0.128199995;0.103500001;;;;;;
VanillaLeNet5;VanillaLeNet5;1;1;100;5.5431931;0.878300011;0.59829998;0.259600013;0.204400003;;;;;;
AllLeNet5;Aol;1;1;1;0.020825901;0.345099986;0.297800004;0.259799987;0.256000012;;;;;;
AllLeNet5;Aol;1;1;2;0.058232527;0.538200021;0.458099991;0.371300012;0.355100006;;;;;;
AllLeNet5;Aol;1;1;5;0.174704432;0.650399983;0.550000012;0.437299997;0.409200013;;;;;;
AllLeNet5;Aol;1;1;10;0.380588827;0.692799985;0.577400029;0.441599995;0.407799989;;;;;;
AllLeNet5;Aol;1;1;20;0.753994437;0.726800025;0.587499976;0.432099998;0.398600012;;;;;;
AllLeNet5;Aol;1;1;50;1.605740118;0.798699975;0.614199996;0.416700006;0.368400007;;;;;;
AllLeNet5;Aol;1;1;100;2.439165964;0.858699977;0.63349998;0.381599993;0.318599999;;;;;;
LipLeNet5;LipLeNet5;123;1;1;0.208200142;0.747600019;0.548699975;0.368000001;0.327499986;;;;;;
LipLeNet5;LipLeNet5;123;1;2;0.728468906;0.810400009;0.587700009;0.368000001;0.317900002;;;;;;
LipLeNet5;LipLeNet5;1;30;1;0.848224397;0.943199992;0.831099987;0.642799973;0.596000016;;;;;;
LipLeNet5;LipLeNet5;1;30;2;1.598494182;0.966600001;0.857800007;0.590600014;0.486600012;;;;;;
LipLeNet5;LipLeNet5;1;30;5;3.424358286;0.983699977;0.849399984;0.376300007;0.309599996;;;;;;
LipLeNet5;LipLeNet5;1;30;10;5.813027635;0.984799981;0.764400005;0.260100007;0.210099995;;;;;;
LipLeNet5;LipLeNet5;1;30;20;9.958371682;0.975600004;0.468600005;0.0902;0.067699999;;;;;;
LipLeNet5;LipLeNet5;1;30;50;16.1624699;0.984200001;0.536300004;0.127100006;0.1043;;;;;;
LipLeNet5;LipLeNet5;1;30;100;24.15899761;0.971800029;0.257200003;0.033500001;0.0261;;;;;;
VanillaLeNet5;VanillaLeNet5;1;30;100;197.7411404;0.992500007;0.839600027;0.653900027;0.630299985;;;;;;
AllLeNet5;Aol;1;30;1;0.231687974;0.795099974;0.614000022;0.456900001;0.430799991;;;;;;
AllLeNet5;Aol;1;30;2;0.443573467;0.837899983;0.665099978;0.499599993;0.471599996;;;;;;
AllLeNet5;Aol;1;30;5;1.105709845;0.910300016;0.750500023;0.514500022;0.457399994;;;;;;
AllLeNet5;Aol;1;30;10;2.002647436;0.953100026;0.799300015;0.467000008;0.375999987;;;;;;
AllLeNet5;Aol;1;30;20;3.217075394;0.971300006;0.812699974;0.391900003;0.322899997;;;;;;
AllLeNet5;Aol;1;30;50;5.156598998;0.980799973;0.795400023;0.335799992;0.269699991;;;;;;
AllLeNet5;Aol;1;30;100;6.805423806;0.984300017;0.769900024;0.323700011;0.262600005;;;;;;
LipLeNet5;LipLeNet5;123;30;1;0.88826771;0.890100002;0.708599985;0.474999994;0.419099987;;;;;;
LipLeNet5;LipLeNet5;123;30;2;1.637113392;0.933000028;0.737299979;0.380699992;0.2755;;;;;;
LipLeNet5;LipLeNet5;123;30;5;3.537927711;0.963699996;0.699100018;0.206799999;0.161599994;;;;;;
LipLeNet5;LipLeNet5;123;30;10;5.505548453;0.968200028;0.616400003;0.152899995;0.123499997;;;;;;
LipLeNet5;LipLeNet5;123;30;20;8.346536578;0.9727;0.489499986;0.126800001;0.101800002;;;;;;
LipLeNet5;LipLeNet5;123;30;50;12.03214282;0.972000003;0.38440001;0.068899997;0.049899999;;;;;;
LipLeNet5;LipLeNet5;123;30;100;16.56198499;0.9727;0.304699987;0.050299998;0.039299998;;;;;;
VanillaLeNet5;VanillaLeNet5;123;30;100;204.5416752;0.9921;0.774500012;0.591300011;0.570599973;;;;;;
AllLeNet5;Aol;123;30;1;0.22848663;0.795799971;0.62650001;0.475199997;0.443500012;;;;;;
AllLeNet5;Aol;123;30;2;0.46812881;0.824199975;0.643700004;0.477699995;0.445199996;;;;;;
AllLeNet5;Aol;123;30;5;1.100491267;0.91140002;0.747500002;0.513400018;0.45539999;;;;;;
AllLeNet5;Aol;123;30;10;2.082126179;0.949800014;0.791800022;0.451900005;0.361200005;;;;;;
AllLeNet5;Aol;123;30;20;3.149847808;0.972000003;0.815500021;0.386700004;0.312599987;;;;;;
AllLeNet5;Aol;123;30;50;4.609412862;0.978500009;0.789799988;0.344599992;0.2764;;;;;;
AllLeNet5;Aol;123;30;100;6.154732609;0.987100005;0.80309999;0.359499991;0.29519999;;;;;;
LipLeNet5;LipLeNet5;296;30;1;0.846751561;0.935000002;0.816500008;0.624499977;0.574000001;;;;;;
LipLeNet5;LipLeNet5;296;30;2;1.636976782;0.970200002;0.864600003;0.601199985;0.511699975;;;;;;
LipLeNet5;LipLeNet5;296;30;5;3.307462929;0.981999993;0.841400027;0.369899988;0.296999991;;;;;;
LipLeNet5;LipLeNet5;296;30;10;5.602274446;0.986199975;0.784099996;0.29429999;0.238299996;;;;;;
LipLeNet5;LipLeNet5;296;30;20;9.015146438;0.986999989;0.712800026;0.233899996;0.193200007;;;;;;
LipLeNet5;LipLeNet5;296;30;50;15.05174232;0.989099979;0.68900001;0.239700004;0.197999999;;;;;;
LipLeNet5;LipLeNet5;296;30;100;18.92466578;0.991400003;0.715399981;0.267699987;0.222000003;;;;;;
VanillaLeNet5;VanillaLeNet5;296;30;100;172.0838674;0.991999984;0.793900013;0.654200017;0.635500014;;;;;;
AllLeNet5;Aol;296;30;1;0.228015826;0.794399977;0.625800014;0.467999995;0.440499991;;;;;;
AllLeNet5;Aol;296;30;2;0.466678972;0.820500016;0.640500009;0.473199993;0.443300009;;;;;;
AllLeNet5;Aol;296;30;5;1.134342239;0.907299995;0.726499975;0.479999989;0.423299998;;;;;;
AllLeNet5;Aol;296;30;10;2.04018269;0.951900005;0.794700027;0.463999987;0.375400007;;;;;;
AllLeNet5;Aol;296;30;20;3.500355566;0.970399976;0.811399996;0.381700009;0.306699991;;;;;;
AllLeNet5;Aol;296;30;50;5.179026658;0.979700029;0.80250001;0.320100009;0.2509;;;;;;
AllLeNet5;Aol;296;30;100;6.228448561;0.986400008;0.822399974;0.374500006;0.306899995;;;;;;
VanillaLeNet5;VanillaLeNet5;1;5;1;29.6680981;0.991400003;0.842499971;0.466699988;0.407499999;;;;;;
VanillaLeNet5;VanillaLeNet5;123;5;1;49.10471412;0.992600024;0.813499987;0.426899999;0.381000012;;;;;;
VanillaLeNet5;VanillaLeNet5;296;5;1;35.35482633;0.99119997;0.800000012;0.378699988;0.324900001;;;;;;
LipLeNet5;LipLeNet5;1;50;1;0.878645456;0.949599981;0.839399993;0.648999989;0.603600025;;;;;;
LipLeNet5;LipLeNet5;1;50;2;1.599472841;0.973999977;0.8829;0.636200011;0.539699972;;;;;;
LipLeNet5;LipLeNet5;1;50;5;3.422228094;0.986299992;0.865700006;0.416399986;0.341899991;;;;;;
LipLeNet5;LipLeNet5;1;50;10;5.629649127;0.988200009;0.799700022;0.302100003;0.243900001;;;;;;
LipLeNet5;LipLeNet5;1;50;20;8.398993895;0.991599977;0.795899987;0.314799994;0.260800004;;;;;;
LipLeNet5;LipLeNet5;1;50;50;18.28068576;0.977900028;0.325199991;0.048300002;0.037999999;;;;;;
LipLeNet5;LipLeNet5;1;50;100;22.62498247;0.987299979;0.573099971;0.168899998;0.143999994;;;;;;
Lip2C2FPool;LipC2FPool;1;10;1;0.038303682;0.714399993;0.546800017;0.417299986;0.393400013;;;;;;
Lip2C2FPool;LipC2FPool;1;10;1;0.038303682;0.714399993;0.546800017;0.417299986;0.393400013;;;;;;
Lip2C2FPool;LipC2FPool;1;10;2;0.193155731;0.814300001;0.637799978;0.488499999;0.461100012;;;;;;
Lip2C2FPool;LipC2FPool;1;10;4;0.731385212;0.912699997;0.742999971;0.524399996;0.483200014;;;;;;
Lip2C2FPool;LipC2FPool;123;10;1;0.034625551;0.718100011;0.558399975;0.432399988;0.406500012;;;;;;
Lip2C2FPool;LipC2FPool;123;10;2;0.115477124;0.786499977;0.610800028;0.464100003;0.437400013;;;;;;
Lip2C2FPool;LipC2FPool;123;10;4;0.725313652;0.905300021;0.731899977;0.518299997;0.478399992;;;;;;
Lip2C2FPool;LipC2FPool;296;10;1;0.022315619;0.543900013;0.423599988;0.337099999;0.319499999;;;;;;
Lip2C2FPool;LipC2FPool;1;10;1;0.178165751;0.817900002;0.64410001;0.465000004;0.432300001;;0.140291464;0.808899999;0.640366654;0.477500002;0.446633329
Lip2C2FPool;LipC2FPool;123;10;1;0.150150578;0.83160001;0.662199974;0.498600006;0.466699988;;;;;;
Lip2C2FPool;LipC2FPool;296;10;1;0.092558064;0.777199984;0.614799976;0.468899995;0.440899998;;;;;;
AOL2C2F;AOL2C2F;1;10;1;0.931489016;0.877499998;0.681200027;0.463099986;0.42019999;;0.918932906;0.878999988;0.692533354;0.480033328;0.43476666
AOL2C2F;AOL2C2F;123;10;1;0.92943948;0.880599976;0.688300014;0.476599991;0.429800004;;;;;;
AOL2C2F;AOL2C2F;296;10;1;0.895870223;0.878899992;0.708100021;0.500400007;0.454299986;;;;;;
Lip2C2FPool;LipC2FPool;1;10;2;0.73001762;0.916899979;0.750100017;0.519699991;0.469500005;;0.911984623;0.926899989;0.761166672;0.504966666;0.445133328
Lip2C2FPool;LipC2FPool;123;10;2;0.872394771;0.922100008;0.761099994;0.523400009;0.465299994;;;;;;
Lip2C2FPool;LipC2FPool;296;10;2;1.133541478;0.941699982;0.772300005;0.471799999;0.400599986;;;;;;
AOL2C2F;AOL2C2F;1;10;2;1.688321938;0.921299994;0.739000022;0.456800014;0.376300007;;1.700330711;0.920633316;0.738566657;0.449533343;0.366433332
AOL2C2F;AOL2C2F;123;10;2;1.723964687;0.918299973;0.733699977;0.442000002;0.361799985;;;;;;
AOL2C2F;AOL2C2F;296;10;2;1.688705508;0.922299981;0.742999971;0.449800014;0.361200005;;;;;;
Lip2C2FPool;LipC2FPool;1;10;4;2.259031396;0.962700009;0.756799996;0.313499987;0.244399995;;2.392264464;0.96236666;0.75183334;0.320799996;0.252933333
Lip2C2FPool;LipC2FPool;123;10;4;1.98254797;0.959299982;0.76730001;0.359100014;0.280600011;;;;;;
Lip2C2FPool;LipC2FPool;296;10;4;2.935214026;0.96509999;0.731400013;0.289799988;0.233799994;;;;;;
AOL2C2F;AOL2C2F;1;10;4;2.877240345;0.950500011;0.759899974;0.369300008;0.302300006;;2.90509747;0.951400002;0.76486665;0.371799996;0.300000002
AOL2C2F;AOL2C2F;123;10;4;2.862610034;0.951399982;0.771099985;0.391299993;0.309199989;;;;;;
AOL2C2F;AOL2C2F;296;10;4;2.97544203;0.952300012;0.763599992;0.354799986;0.288500011;;;;;;
Lip2C2FPool;LipC2FPool;1;20;1;0.154538551;0.809099972;0.642199993;0.481599987;0.450300008;;;;;;
Lip2C2FPool;LipC2FPool;1;20;2;1.742451601;0.944999993;0.757099986;0.396600008;0.322299987;;;;;;
Lip2C2FPool;LipC2FPool;1;20;4;2.92457301;0.964299977;0.744400024;0.306800008;0.241799995;;;;;;
Lip2C2FPool;LipC2FPool;123;20;1;0.243511289;0.860800028;0.702899992;0.526000023;0.486400008;;;;;;
Lip2C2FPool;LipC2FPool;123;20;2;0.805705676;0.911599994;0.749899983;0.522800028;0.46360001;;;;;;
Lip2C2FPool;LipC2FPool;123;20;4;1.278949999;0.94660002;0.76910001;0.419999987;0.334600002;;;;;;
Lip2C2FPool;LipC2FPool;296;20;1;0.713537722;0.915199995;0.771799982;0.57980001;0.531400025;;;;;;
Lip2C2FPool;LipC2FPool;296;20;2;1.364189436;0.956200004;0.823700011;0.555400014;0.476999998;;;;;;
Lip2C2FPool;LipC2FPool;296;20;4;2.234283552;0.97390002;0.826900005;0.439500004;0.339100003;;;;;;
Lip2C2FPool;LipC2FPool;1;20;1;0.90833503;0.943199992;0.820900023;0.61500001;0.559199989;;;;;;
Lip2C2FPool;LipC2FPool;1;20;2;1.749662912;0.972500026;0.845600009;0.532299995;0.4287;;;;;;
Lip2C2FPool;LipC2FPool;1;20;4;3.204052005;0.982200027;0.814499974;0.323900014;0.250099987;;;;;;
Lip2C2FPool;LipC2FPool;123;20;1;0.556647933;0.903999984;0.760399997;0.576499999;0.539600015;;;;;;
Lip2C2FPool;LipC2FPool;123;20;2;1.084619285;0.9472;0.814700007;0.580200016;0.518100023;;;;;;
Lip2C2FPool;LipC2FPool;1;20;1;0.922137336;0.942700028;0.819599986;0.6171;0.560800016;;0.759180484;0.916766663;0.773099999;0.571866671;0.521699995
Lip2C2FPool;LipC2FPool;123;20;1;0.625762379;0.896099985;0.736800015;0.532700002;0.488299996;;;;;;
Lip2C2FPool;LipC2FPool;296;20;1;0.729641737;0.911499977;0.762899995;0.565800011;0.515999973;;;;;;
Lip2C2FPool;LipC2FPool;1;20;2;1.739062325;0.97299999;0.852900028;0.546500027;0.444299996;;1.311620951;0.94933333;0.808600008;0.537833333;0.458066662
Lip2C2FPool;LipC2FPool;123;20;2;0.812237404;0.917599976;0.751999974;0.516799986;0.4551;;;;;;
Lip2C2FPool;LipC2FPool;296;20;2;1.383563124;0.957400024;0.820900023;0.550199986;0.474799991;;;;;;
Lip2C2FPool;LipC2FPool;1;20;4;3.120430161;0.983399987;0.817799985;0.336199999;0.259499997;;2.454842625;0.971199989;0.799899995;0.368000001;0.290099998
Lip2C2FPool;LipC2FPool;123;20;4;1.628804082;0.957499981;0.788299978;0.414900005;0.333799988;;;;;;
Lip2C2FPool;LipC2FPool;296;20;4;2.615293632;0.9727;0.793600023;0.352899998;0.27700001;;;;;;
Lip2C2FPool;LipC2FPool;1;20;1;0.925881457;0.943199992;0.820599973;0.618900001;0.56220001;;;;;;
Lip2C2FPool;LipC2FPool;1;20;2;1.765573822;0.972599983;0.846000016;0.532599986;0.428000003;;;;;;
Lip2C2FPool;LipC2FPool;1;20;4;3.114800861;0.982599974;0.814499974;0.332100004;0.256399989;;;;;;
Lip2C2FPool;LipC2FPool;123;20;1;0.493601901;0.889500022;0.732800007;0.538600028;0.496199995;;;;;;
Lip2C2F;LipC2F;123;20;1;0.950336787;0.966899991;0.884800017;0.725799978;0.684700012;;;;;;
Lip2C2F;LipC2F;123;20;2;1.568389778;0.979799986;0.894299984;0.66869998;0.601999998;;;;;;
Lip2C2F;LipC2F;123;20;4;3.155529582;0.988900006;0.882799983;0.4921;0.39230001;;;;;;
Lip2C2F;LipC2F;296;20;1;0.954038839;0.96509999;0.881200016;0.717800021;0.673099995;;;;;;
Lip2C2F;LipC2F;296;20;2;1.780360418;0.983299971;0.899800003;0.662800014;0.589399993;;;;;;
Lip2C2F;LipC2F;296;20;4;3.092395525;0.989199996;0.890299976;0.508700013;0.40990001;;;;;;
All2C2F;Orthogon;1;20;1;0.950621146;0.945900023;0.838400006;0.652899981;0.60619998;;;;;;
All2C2F;Sandwich;1;20;1;0.926117269;0.9727;0.905799985;0.765100002;0.717999995;;;;;;
Lip2C2F;LipC2F;1;20;1;0.95083327;0.966199994;0.882000029;0.721800029;0.675400019;;;;;;
All2C2F;Orthogon;123;20;1;0.966951269;0.944700003;0.836099982;0.649100006;0.599300027;;;;;;
All2C2F;Sandwich;123;20;1;0.894656577;0.973100007;0.907800019;0.770900011;0.726199985;;;;;;
Lip2C2F;LipC2F;123;20;1;0.950336787;0.966899991;0.884800017;0.725799978;0.684700012;;;;;;
All2C2F;Orthogon;296;20;1;0.962988023;0.945900023;0.838;0.653500021;0.607900023;;;;;;
All2C2F;Sandwich;296;20;1;0.922375818;0.972500026;0.902700007;0.759199977;0.716799974;;;;;;
Lip2C2F;LipC2F;296;20;1;0.954038839;0.96509999;0.881200016;0.717800021;0.673099995;;;;;;
All2C2F;Orthogon;1;20;2;1.780550702;0.976300001;0.889400005;0.66079998;0.584299982;;;;;;
All2C2F;Sandwich;1;20;2;1.690318897;0.988699973;0.930899978;0.742799997;0.671000004;;;;;;
Lip2C2F;LipC2F;1;20;2;1.75989372;0.983399987;0.900099993;0.652700007;0.576600015;;;;;;
All2C2F;Orthogon;123;20;2;1.721227836;0.976700008;0.89139998;0.654600024;0.575100005;;;;;;
All2C2F;Sandwich;123;20;2;1.693610537;0.989000022;0.932299972;0.740199983;0.674600005;;;;;;
Lip2C2F;LipC2F;123;20;2;1.568389778;0.979799986;0.894299984;0.66869998;0.601999998;;;;;;
All2C2F;Orthogon;296;20;2;1.729970408;0.977199972;0.892799973;0.665700018;0.586799979;;;;;;
All2C2F;Sandwich;296;20;2;1.724012883;0.988300025;0.929499984;0.737800002;0.671500027;;;;;;
Lip2C2F;LipC2F;296;20;2;1.780360418;0.983299971;0.899800003;0.662800014;0.589399993;;;;;;
All2C2F;Orthogon;1;20;4;2.931603377;0.988499999;0.898000002;0.577199996;0.473199993;;;;;;
All2C2F;Sandwich;1;20;4;2.967270493;0.992900014;0.926100016;0.629400015;0.539200008;;;;;;
Vanilla2C2F;Vanilla2C2F;1;20;4;190.2629451;0.990499973;0.721300006;0.630400002;0.606700003;;;;;;
AOL2C2F;AOL2C2F;1;20;4;2.889076602;0.959299982;0.778999984;0.365500003;0.296000004;;;;;;
Lip2C2F;LipC2F;1;20;4;3.081807678;0.987999976;0.884299994;0.487899989;0.387300014;;;;;;
Lip2C2FPool;LipC2FPool;1;20;4;3.120430161;0.983399987;0.817799985;0.336199999;0.259499997;;;;;;
All2C2F;Orthogon;123;20;4;2.760619035;0.986999989;0.89319998;0.542599976;0.442799985;;;;;;
All2C2F;Sandwich;123;20;4;2.905782683;0.993099988;0.926800013;0.639800012;0.546299994;;;;;;
Vanilla2C2F;Vanilla2C2F;123;20;4;225.24602;0.989099979;0.665899992;0.580799997;0.561399996;;;;;;
AOL2C2F;AOL2C2F;123;20;4;2.917908286;0.958700001;0.782599986;0.384799987;0.3046;;;;;;
Lip2C2F;LipC2F;123;20;4;3.155529582;0.988900006;0.882799983;0.4921;0.39230001;;;;;;
Lip2C2FPool;LipC2FPool;123;20;4;1.628804082;0.957499981;0.788299978;0.414900005;0.333799988;;;;;;
All2C2F;Orthogon;296;20;4;2.990545634;0.987800002;0.896200001;0.560800016;0.464399993;;;;;;
All2C2F;Sandwich;296;20;4;3.032685874;0.993099988;0.923500001;0.629999995;0.534500003;;;;;;
Vanilla2C2F;Vanilla2C2F;296;20;4;249.440358;0.991400003;0.698300004;0.646099985;0.619400024;;;;;;
AOL2C2F;AOL2C2F;296;20;4;3.009156717;0.960099995;0.783500016;0.360900015;0.288599998;;;;;;
Lip2C2F;LipC2F;296;20;4;3.092395525;0.989199996;0.890299976;0.508700013;0.40990001;;;;;;
Lip2C2FPool;LipC2FPool;296;20;4;2.615293632;0.9727;0.793600023;0.352899998;0.27700001;;;;;;
Lip2C2FPool;LipC2FPool;1;20;1;0.922137336;0.942700028;0.819599986;0.6171;0.560800016;;;;;;
Lip2C2FPool;LipC2FPool;1;20;2;1.739062325;0.97299999;0.852900028;0.546500027;0.444299996;;;;;;
AOL2C2F;AOL2C2F;1;20;1;0.935350561;0.887000024;0.70480001;0.489100009;0.443899989;;;;;;
AOL2C2F;AOL2C2F;1;20;2;1.718880527;0.92869997;0.754199982;0.458799988;0.369700015;;;;;;
Lip2C2FPool;LipC2FPool;123;20;1;0.625762379;0.896099985;0.736800015;0.532700002;0.488299996;;;;;;
Lip2C2FPool;LipC2FPool;123;20;2;0.812237404;0.917599976;0.751999974;0.516799986;0.4551;;;;;;
AOL2C2F;AOL2C2F;123;20;1;0.936135252;0.885900021;0.698400021;0.482800007;0.437099993;;;;;;
AOL2C2F;AOL2C2F;123;20;2;1.730652948;0.930800021;0.758300006;0.4736;0.400000006;;;;;;
Lip2C2FPool;LipC2FPool;296;20;1;0.729641737;0.911499977;0.762899995;0.565800011;0.515999973;;;;;;
Lip2C2FPool;LipC2FPool;296;20;2;1.383563124;0.957400024;0.820900023;0.550199986;0.474799991;;;;;;
AOL2C2F;AOL2C2F;296;20;1;0.907781819;0.887899995;0.714100003;0.503199995;0.458099991;;;;;;
AOL2C2F;AOL2C2F;296;20;2;1.703508176;0.930800021;0.762799978;0.465499997;0.373800009;;;;;;
;;;;;;;;;;;;;;;
;;;;;;;;;;;;;;;
Vanilla2C2FPool;Vanilla2C2FPool;1;20;;139.735702;0.992799997;0.714699984;0.560100019;0.53549999;;;;;;
Vanilla2C2FPool;Vanilla2C2FPool;123;20;;144.3513171;0.992699981;0.730700016;0.54369998;0.513700008;;;;;;
Vanilla2C2FPool;Vanilla2C2FPool;296;20;;159.9999268;0.992500007;0.749199986;0.583299994;0.56099999;;;;;;
Lip2C2FPool;LipC2FPool;1;20;10;6.124854884;0.986199975;0.709500015;0.209000006;0.158600003;;;;;;
Lip2C2FPool;LipC2FPool;1;20;20;9.597490905;0.987200022;0.604499996;0.1193;0.083700001;;;;;;
Lip2C2FPool;LipC2FPool;1;20;50;17.52716136;0.987299979;0.466300011;0.069399998;0.047200002;;;;;;
Lip2C2FPool;LipC2FPool;1;20;100;23.78867636;0.987699986;0.432300001;0.069600001;0.055;;;;;;
AOL2C2F;AOL2C2F;1;20;10;4.016657478;0.976800025;0.81279999;0.355699986;0.288899988;;;;;;
AOL2C2F;AOL2C2F;1;20;20;5.259086919;0.985700011;0.842700005;0.382600009;0.305700004;;;;;;
AOL2C2F;AOL2C2F;1;20;50;7.023908113;0.99119997;0.878799975;0.460999995;0.387100011;;;;;;
AOL2C2F;AOL2C2F;1;20;100;9.943962635;0.99150002;0.880400002;0.444999993;0.374199986;;;;;;
All2C2F;Orthogon;1;20;0.5;0.48683396;0.896000028;0.768400013;0.617600024;0.584800005;;;;;;
All2C2F;Sandwich;1;20;0.5;0.48117725;0.935000002;0.840699971;0.706399977;0.671899974;;;;;;
Lip2C2F;LipC2F;1;20;0.5;0.488275681;0.9296;0.828100026;0.685599983;0.653199971;;;;;;
All2C2F;Orthogon;123;20;0.5;0.487341656;0.894400001;0.767099977;0.614499986;0.580500007;;;;;;
All2C2F;Sandwich;123;20;0.5;0.478655378;0.934199989;0.83890003;0.702899992;0.672200024;;;;;;
Lip2C2F;LipC2F;123;20;0.5;0.486653583;0.930000007;0.827400029;0.679700017;0.647400022;;;;;;
All2C2F;Orthogon;296;20;0.5;0.488083441;0.897499979;0.773000002;0.619000018;0.587599993;;;;;;
All2C2F;Sandwich;296;20;0.5;0.471885431;0.934099972;0.838199973;0.697399974;0.666400015;;;;;;
Lip2C2F;LipC2F;296;20;0.5;0.485386423;0.931599975;0.828700006;0.683899999;0.651199996;;;;;;
All2C2F;Orthogon;1;20;0.25;0.242929476;0.858200014;0.733500004;0.584599972;0.552999973;;;;;;
All2C2F;Sandwich;1;20;0.25;0.24039419;0.903100014;0.797699988;0.660000026;0.626699984;;;;;;
Lip2C2F;LipC2F;1;20;0.25;0.241443514;0.899299979;0.788100004;0.649800003;0.61500001;;;;;;
All2C2F;Orthogon;123;20;0.25;0.242253518;0.859000027;0.734899998;0.589600027;0.557099998;;;;;;
All2C2F;Sandwich;123;20;0.25;0.241703003;0.901499987;0.793200016;0.654999971;0.624300003;;;;;;
Lip2C2F;LipC2F;123;20;0.25;0.242212148;0.899800003;0.788299978;0.648299992;0.616999984;;;;;;
All2C2F;Orthogon;296;20;0.25;0.24028379;0.859200001;0.733200014;0.587499976;0.557600021;;;;;;
All2C2F;Sandwich;296;20;0.25;0.239238349;0.902199984;0.791299999;0.657000005;0.62559998;;;;;;
Lip2C2F;LipC2F;296;20;0.25;0.24332007;0.899999976;0.787199974;0.646300018;0.614400029;;;;;;
AOL2C2F;AOL2C2F;1;20;0.25;0.229500645;0.795700014;0.629999995;0.476599991;0.448599994;;;;;;
AOL2C2F;AOL2C2F;1;20;0.5;0.468166656;0.825999975;0.646300018;0.48300001;0.452899992;;;;;;
Lip2C2FPool;LipC2FPool;1;20;0.25;0.234921692;0.866299987;0.70599997;0.529299974;0.490700006;;;;;;
Lip2C2FPool;LipC2FPool;1;20;0.5;0.469830412;0.897000015;0.754400015;0.573700011;0.530900002;;;;;;
AOL2C2F;AOL2C2F;123;20;0.25;0.225422771;0.789799988;0.624199986;0.478799999;0.451099992;;;;;;
AOL2C2F;AOL2C2F;123;20;0.5;0.466975222;0.821500003;0.647499979;0.487199992;0.458000004;;;;;;
Lip2C2FPool;LipC2FPool;123;20;0.25;0.196921407;0.84740001;0.675100029;0.500100017;0.467599988;;;;;;
Lip2C2FPool;LipC2FPool;123;20;0.5;0.283749048;0.879400015;0.730799973;0.551199973;0.511200011;;;;;;
AOL2C2F;AOL2C2F;296;20;0.25;0.225586722;0.796700001;0.635599971;0.485799998;0.45629999;;;;;;
AOL2C2F;AOL2C2F;296;20;0.5;0.458176214;0.827099979;0.648999989;0.489800006;0.461800009;;;;;;
Lip2C2FPool;LipC2FPool;296;20;0.25;0.082196121;0.802699983;0.631299973;0.469700009;0.438499987;;;;;;
Lip2C2FPool;LipC2FPool;296;20;0.5;0.186621445;0.841700017;0.671899974;0.4912;0.456400007;;;;;;
Lip2C2FPool;LipC2FPool;1;20;0.25;0.234708572;0.863399982;0.702199996;0.5255;0.487199992;;;;;;
Lip2C2FPool;LipC2FPool;1;20;0.5;0.469736476;0.898999989;0.755500019;0.575800002;0.534699976;;;;;;
Lip2C2FPool;LipC2FPool;123;20;0.25;0.185539567;0.858500004;0.684599996;0.497200012;0.457199991;;;;;;
Lip2C2FPool;LipC2FPool;123;20;0.5;0.292076609;0.880200028;0.738699973;0.566200018;0.526799977;;;;;;
Lip2C2FPool;LipC2FPool;296;20;0.25;0.188860882;0.83920002;0.660000026;0.485500008;0.453700006;;;;;;
Lip2C2FPool;LipC2FPool;296;20;0.5;0.377971637;0.877499998;0.719799995;0.538200021;0.503400028;;;;;;
Lip2C2FPool;LipC2FPool;1;20;8;5.401380341;0.984300017;0.729200006;0.222499996;0.169;;;;;;
Lip2C2FPool;LipC2FPool;1;20;16;8.297845529;0.986800015;0.663399994;0.160699993;0.118699998;;;;;;
Lip2C2FPool;LipC2FPool;1;20;32;12.56657442;0.986299992;0.548300028;0.084799998;0.056499999;;;;;;
AOL2C2F;AOL2C2F;1;20;8;3.645500618;0.971400023;0.782899976;0.314300001;0.245800003;;;;;;
AOL2C2F;AOL2C2F;1;20;16;4.505931759;0.98360002;0.827499986;0.357600003;0.2861;;;;;;
AOL2C2F;AOL2C2F;1;20;32;5.769053197;0.988900006;0.875199974;0.466300011;0.388799995;;;;;;
Lip2C2FPool;LipC2FPool;123;20;8;4.503798048;0.973200023;0.701399982;0.244900003;0.195899993;;;;;;
Lip2C2FPool;LipC2FPool;1;20;8;5.73864587;0.98360002;0.716700017;0.224999994;0.170599997;;;;;;
Lip2C2FPool;LipC2FPool;1;20;16;8.819628274;0.980499983;0.600300014;0.156800002;0.116700001;;;;;;
Lip2C2FPool;LipC2FPool;1;20;32;11.94927111;0.977999985;0.516099989;0.1175;0.088699996;;;;;;
AOL2C2F;AOL2C2F;1;20;8;3.645500618;0.971400023;0.782899976;0.314300001;0.245800003;;;;;;
AOL2C2F;AOL2C2F;1;20;16;4.505931759;0.98360002;0.827499986;0.357600003;0.2861;;;;;;
AOL2C2F;AOL2C2F;1;20;32;5.769053197;0.988900006;0.875199974;0.466300011;0.388799995;;;;;;
Lip2C2FPool;LipC2FPool;296;20;8;5.819478757;0.975700021;0.641900003;0.192200005;0.146400005;;;;;;
Lip2C2FPool;LipC2FPool;296;20;16;8.453294678;0.974799991;0.546299994;0.140400007;0.104400001;;;;;;
Lip2C2FPool;LipC2FPool;296;20;32;11.18791462;0.980000019;0.543799996;0.140200004;0.100900002;;;;;;
AOL2C2F;AOL2C2F;296;20;8;3.69555302;0.974399984;0.797500014;0.335999995;0.261900008;;;;;;
AOL2C2F;AOL2C2F;296;20;16;5.094459531;0.98210001;0.812099993;0.33129999;0.257499993;;;;;;
AOL2C2F;AOL2C2F;296;20;32;5.908692516;0.987399995;0.867900014;0.431600004;0.357800007;;;;;;
Lip2C2FPool;LipC2FPool;123;20;8;3.201459796;0.969099998;0.725199997;0.263599992;0.203199998;;;;;;
Lip2C2FPool;LipC2FPool;123;20;16;6.366633292;0.975300014;0.61680001;0.178900003;0.137199998;;;;;;
Lip2C2FPool;LipC2FPool;123;20;32;11.11902964;0.975199997;0.576099992;0.163900003;0.129500002;;;;;;
AOL2C2F;AOL2C2F;123;20;8;3.849592034;0.974699974;0.811600029;0.343800008;0.271299988;;;;;;
AOL2C2F;AOL2C2F;123;20;16;4.599588641;0.982900023;0.825500011;0.353799999;0.283499986;;;;;;
AOL2C2F;AOL2C2F;123;20;32;5.935530165;0.989300013;0.868200004;0.437299997;0.358399987;;;;;;
Lip2C2FPool;LipC2FPool;1;20;8;5.687212926;0.982500017;0.721199989;0.212799996;0.165999994;;;;;;
Lip2C2FPool;LipC2FPool;1;1;8;2.893531452;0.920599997;0.621900022;0.213400006;0.162599996;77.3;47.12;18.98;;;
